{"cameraMode":{"drawMode":0,"name":"Shaded","section":"Shading Mode"},"sceneLighting":true,"audioPlay":false,"sceneViewState":{"m_AlwaysRefresh":false,"showFog":true,"showSkybox":true,"showFlares":true,"showImageEffects":true,"showParticleSystems":true,"showVisualEffectGraphs":true,"m_FxEnabled":true},"in2DMode":false,"pivot":{"x":0.5080003142356873,"y":0.9800005555152893,"z":6.3899993896484379},"rotation":{"x":0.24549952149391175,"y":-0.03106757253408432,"z":0.010367690585553646,"w":0.9693949818611145},"size":4.581780910491943,"orthographic":true}