{"cameraMode":{"drawMode":0,"name":"Shaded","section":"Shading Mode"},"sceneLighting":false,"audioPlay":false,"sceneViewState":{"m_AlwaysRefresh":false,"showFog":true,"showSkybox":false,"showFlares":true,"showImageEffects":true,"showParticleSystems":true,"showVisualEffectGraphs":true,"m_FxEnabled":true},"in2DMode":false,"pivot":{"x":0.08654887229204178,"y":0.08557917177677155,"z":4.4556708335876469},"rotation":{"x":0.08714587241411209,"y":0.6757780313491821,"z":-0.06207387521862984,"w":0.7306939363479614},"size":4.245153427124023,"orthographic":true}